web-scraper-order,web-scraper-start-url,type,type-href,item,item-href,phs_protection,name,weight
"1680906830-2","https://darksouls.wiki.fextralife.com/Armor","Leggings","https://darksouls.wiki.fextralife.com/Leg+Armor","Guardian Leggings","https://darksouls.wiki.fextralife.com/Guardian+Leggings","54","Guardian Leggings","10.4"
"1680906833-3","https://darksouls.wiki.fextralife.com/Armor","Leggings","https://darksouls.wiki.fextralife.com/Leg+Armor","Stone Leggings","https://darksouls.wiki.fextralife.com/Stone+Leggings","54","Stone Leggings","10.4"
"1680906835-4","https://darksouls.wiki.fextralife.com/Armor","Leggings","https://darksouls.wiki.fextralife.com/Leg+Armor","Golem Leggings","https://darksouls.wiki.fextralife.com/Golem+Leggings","54","Golem Leggings","9.7"
"1680906837-5","https://darksouls.wiki.fextralife.com/Armor","Leggings","https://darksouls.wiki.fextralife.com/Leg+Armor","Smough's Leggings","https://darksouls.wiki.fextralife.com/Smough's+Leggings","61","Smough's Leggings","10.4"
"1680906839-6","https://darksouls.wiki.fextralife.com/Armor","Leggings","https://darksouls.wiki.fextralife.com/Leg+Armor","Havel's Leggings","https://darksouls.wiki.fextralife.com/Havel's+Leggings","54","Havel's Leggings","11.5"
"1680906841-7","https://darksouls.wiki.fextralife.com/Armor","Leggings","https://darksouls.wiki.fextralife.com/Leg+Armor","Giant Leggings","https://darksouls.wiki.fextralife.com/Giant+Leggings","63.6","Giant Leggings","9.7"
"1680906844-8","https://darksouls.wiki.fextralife.com/Armor","Leggings","https://darksouls.wiki.fextralife.com/Leg+Armor","Black Iron Leggings","https://darksouls.wiki.fextralife.com/Black+Iron+Leggings","62","Black Iron Leggings","9.2"
"1680906846-9","https://darksouls.wiki.fextralife.com/Armor","Leggings","https://darksouls.wiki.fextralife.com/Leg+Armor","Gough's Leggings","https://darksouls.wiki.fextralife.com/Gough's+Leggings","48","Gough's Leggings","8.0"
"1680906848-10","https://darksouls.wiki.fextralife.com/Armor","Leggings","https://darksouls.wiki.fextralife.com/Leg+Armor","Leggings of Artorias","https://darksouls.wiki.fextralife.com/Leggings+of+Artorias","35.6","Leggings of Artorias","5.5"
"1680906850-11","https://darksouls.wiki.fextralife.com/Armor","Leggings","https://darksouls.wiki.fextralife.com/Leg+Armor","Steel Leggings","https://darksouls.wiki.fextralife.com/Steel+Leggings","60.5","Steel Leggings","8.3"
"1680906852-12","https://darksouls.wiki.fextralife.com/Armor","Leggings","https://darksouls.wiki.fextralife.com/Leg+Armor","Paladin Leggings","https://darksouls.wiki.fextralife.com/Paladin+Leggings","54.3","Paladin Leggings","7.6"
"1680906854-13","https://darksouls.wiki.fextralife.com/Armor","Leggings","https://darksouls.wiki.fextralife.com/Leg+Armor","Black Knight Leggings","https://darksouls.wiki.fextralife.com/Black+Knight+Leggings","46.5","Black Knight Leggings","7.0"
"1680906857-14","https://darksouls.wiki.fextralife.com/Armor","Leggings","https://darksouls.wiki.fextralife.com/Leg+Armor","Silver Knight Leggings","https://darksouls.wiki.fextralife.com/Silver+Knight+Leggings","43.4","Silver Knight Leggings","6.5"
"1680906859-15","https://darksouls.wiki.fextralife.com/Armor","Leggings","https://darksouls.wiki.fextralife.com/Leg+Armor","Catarina Leggings","https://darksouls.wiki.fextralife.com/Catarina+Leggings","52.7","Catarina Leggings","6.9"
"1680906861-16","https://darksouls.wiki.fextralife.com/Armor","Leggings","https://darksouls.wiki.fextralife.com/Leg+Armor","Leggings of Favor","https://darksouls.wiki.fextralife.com/Leggings+of+Favor","43.4","Leggings of Favor","6.9"
"1680906863-17","https://darksouls.wiki.fextralife.com/Armor","Leggings","https://darksouls.wiki.fextralife.com/Leg+Armor","Brass Leggings","https://darksouls.wiki.fextralife.com/Brass+Leggings","35.6","Brass Leggings","6.4"
"1680906865-18","https://darksouls.wiki.fextralife.com/Armor","Leggings","https://darksouls.wiki.fextralife.com/Leg+Armor","Crystalline Leggings","https://darksouls.wiki.fextralife.com/Crystalline+Leggings","37","Crystalline Leggings","6.4"
"1680906868-19","https://darksouls.wiki.fextralife.com/Armor","Leggings","https://darksouls.wiki.fextralife.com/Leg+Armor","Ornstein's Leggings","https://darksouls.wiki.fextralife.com/Ornstein's+Leggings","40","Ornstein's Leggings","7.0"
"1680906870-20","https://darksouls.wiki.fextralife.com/Armor","Leggings","https://darksouls.wiki.fextralife.com/Leg+Armor","Elite Knight Leggings","https://darksouls.wiki.fextralife.com/Elite+Knight+Leggings","55.7","Elite Knight Leggings","6.9"
"1680906872-21","https://darksouls.wiki.fextralife.com/Armor","Leggings","https://darksouls.wiki.fextralife.com/Leg+Armor","Dark Leggings","https://darksouls.wiki.fextralife.com/Dark+Leggings","41.8","Dark Leggings","5.8"
"1680906874-22","https://darksouls.wiki.fextralife.com/Armor","Leggings","https://darksouls.wiki.fextralife.com/Leg+Armor","Leggings of Thorns","https://darksouls.wiki.fextralife.com/Leggings+of+Thorns","40.3","Leggings of Thorns","6.2"
"1680906876-23","https://darksouls.wiki.fextralife.com/Armor","Leggings","https://darksouls.wiki.fextralife.com/Leg+Armor","Balder Leggings","https://darksouls.wiki.fextralife.com/Balder+Leggings","53.2","Balder Leggings","6.4"
"1680906879-24","https://darksouls.wiki.fextralife.com/Armor","Leggings","https://darksouls.wiki.fextralife.com/Leg+Armor","Boots of the Explorer","https://darksouls.wiki.fextralife.com/Boots+of+the+Explorer","14","Boots of the Explorer","4.0"
"1680906881-25","https://darksouls.wiki.fextralife.com/Armor","Leggings","https://darksouls.wiki.fextralife.com/Leg+Armor","Eastern Leggings","https://darksouls.wiki.fextralife.com/Eastern+Leggings","23.2","Eastern Leggings","4.0"
"1680906883-26","https://darksouls.wiki.fextralife.com/Armor","Leggings","https://darksouls.wiki.fextralife.com/Leg+Armor","Iron Leggings","https://darksouls.wiki.fextralife.com/Iron+Leggings","50.8","Iron Leggings","5.3"
"1680906885-27","https://darksouls.wiki.fextralife.com/Armor","Leggings","https://darksouls.wiki.fextralife.com/Leg+Armor","Lord's Blade Waistcloth","https://darksouls.wiki.fextralife.com/Lord's+Blade+Waistcloth","41.8","Lord's Blade Waistcloth","5.0"
"1680906887-28","https://darksouls.wiki.fextralife.com/Armor","Leggings","https://darksouls.wiki.fextralife.com/Leg+Armor","Chester's Trousers","https://darksouls.wiki.fextralife.com/Chester's+Trousers","29.4","Chester's Trousers","3.2"
"1680906890-29","https://darksouls.wiki.fextralife.com/Armor","Leggings","https://darksouls.wiki.fextralife.com/Leg+Armor","Anklet of the Great Lord","https://darksouls.wiki.fextralife.com/Anklet+of+the+Great+Lord","15","Anklet of the Great Lord","2.8"
"1680906892-30","https://darksouls.wiki.fextralife.com/Armor","Leggings","https://darksouls.wiki.fextralife.com/Leg+Armor","Chain Leggings","https://darksouls.wiki.fextralife.com/Chain+Leggings","43.6","Chain Leggings","4.6"
"1680906894-31","https://darksouls.wiki.fextralife.com/Armor","Leggings","https://darksouls.wiki.fextralife.com/Leg+Armor","Xanthous Waistcloth","https://darksouls.wiki.fextralife.com/Xanthous+Waistcloth","49.6","Xanthous Waistcloth","4.0"
"1680906896-32","https://darksouls.wiki.fextralife.com/Armor","Leggings","https://darksouls.wiki.fextralife.com/Leg+Armor","Witch Skirt","https://darksouls.wiki.fextralife.com/Witch+Skirt","26.3","Witch Skirt","2.5"
"1680906898-33","https://darksouls.wiki.fextralife.com/Armor","Leggings","https://darksouls.wiki.fextralife.com/Leg+Armor","Black Tights","https://darksouls.wiki.fextralife.com/Black+Tights","24.8","Black Tights","2.8"
"1680906900-34","https://darksouls.wiki.fextralife.com/Armor","Leggings","https://darksouls.wiki.fextralife.com/Leg+Armor","Crimson Waistcloth","https://darksouls.wiki.fextralife.com/Crimson+Waistcloth","44.9","Crimson Waistcloth","3.5"
"1680906903-35","https://darksouls.wiki.fextralife.com/Armor","Leggings","https://darksouls.wiki.fextralife.com/Leg+Armor","Gold-Hemmed Black Skirt","https://darksouls.wiki.fextralife.com/Gold-Hemmed+Black+Skirt","23","Gold-Hemmed Black Skirt","3.0"
"1680906905-36","https://darksouls.wiki.fextralife.com/Armor","Leggings","https://darksouls.wiki.fextralife.com/Leg+Armor","Travelling Boots","https://darksouls.wiki.fextralife.com/Travelling+Boots","29","Travelling Boots","1.6"
"1680906907-37","https://darksouls.wiki.fextralife.com/Armor","Leggings","https://darksouls.wiki.fextralife.com/Leg+Armor","Moonlight Waistcloth","https://darksouls.wiki.fextralife.com/Moonlight+Waistcloth","12","Moonlight Waistcloth","1.8"
"1680906909-38","https://darksouls.wiki.fextralife.com/Armor","Leggings","https://darksouls.wiki.fextralife.com/Leg+Armor","Blood-Stained Skirt","https://darksouls.wiki.fextralife.com/Blood-Stained+Skirt","31.5","Blood-Stained Skirt","2.5"
"1680906911-39","https://darksouls.wiki.fextralife.com/Armor","Leggings","https://darksouls.wiki.fextralife.com/Leg+Armor","Hollow Soldier Waistcloth","https://darksouls.wiki.fextralife.com/Hollow+Soldier+Waistcloth","31.5","Hollow Soldier Waistcloth","1.5"
"1680906914-40","https://darksouls.wiki.fextralife.com/Armor","Leggings","https://darksouls.wiki.fextralife.com/Leg+Armor","Hollow Warrior Waistcloth","https://darksouls.wiki.fextralife.com/Hollow+Warrior+Waistcloth","31.5","Hollow Warrior Waistcloth","1.4"
"1680906916-41","https://darksouls.wiki.fextralife.com/Armor","Leggings","https://darksouls.wiki.fextralife.com/Leg+Armor","Painting Guardian Waistcloth","https://darksouls.wiki.fextralife.com/Painting+Guardian+Waistcloth","34.1","Painting Guardian Waistcloth","4.0"
"1680906918-42","https://darksouls.wiki.fextralife.com/Armor","Leggings","https://darksouls.wiki.fextralife.com/Leg+Armor","Hollow Thief's Tights","https://darksouls.wiki.fextralife.com/Hollow+Thief's+Tights","29","Hollow Thief's Tights","1.7"
"1680906920-43","https://darksouls.wiki.fextralife.com/Armor","Leggings","https://darksouls.wiki.fextralife.com/Leg+Armor","Antiquated Skirt","https://darksouls.wiki.fextralife.com/Antiquated+Skirt","23.3","Antiquated Skirt","3.0"
"1680906922-44","https://darksouls.wiki.fextralife.com/Armor","Leggings","https://darksouls.wiki.fextralife.com/Leg+Armor","Maiden Skirt","https://darksouls.wiki.fextralife.com/Maiden+Skirt","33.9","Maiden Skirt","2.5"
"1680906925-45","https://darksouls.wiki.fextralife.com/Armor","Leggings","https://darksouls.wiki.fextralife.com/Leg+Armor","Waistcloth of the Channelers","https://darksouls.wiki.fextralife.com/Waistcloth+of+the+Channelers","32","Waistcloth of the Channelers","6.0"
"1680906927-46","https://darksouls.wiki.fextralife.com/Armor","Leggings","https://darksouls.wiki.fextralife.com/Leg+Armor","Black Sorcerer Boots","https://darksouls.wiki.fextralife.com/Black+Sorcerer+Boots","19.4","Black Sorcerer Boots","1.0"
"1680906929-47","https://darksouls.wiki.fextralife.com/Armor","Leggings","https://darksouls.wiki.fextralife.com/Leg+Armor","Shadow Leggings","https://darksouls.wiki.fextralife.com/Shadow+Leggings","20.2","Shadow Leggings","1.4"
"1680906931-48","https://darksouls.wiki.fextralife.com/Armor","Leggings","https://darksouls.wiki.fextralife.com/Leg+Armor","Knight Leggings","https://darksouls.wiki.fextralife.com/Knight+Leggings","53.2","Knight Leggings","6.4"
"1680906933-49","https://darksouls.wiki.fextralife.com/Armor","Leggings","https://darksouls.wiki.fextralife.com/Leg+Armor","Hard Leather Boots","https://darksouls.wiki.fextralife.com/Hard+Leather+Boots","31.5","Hard Leather Boots","3.5"
"1680906935-50","https://darksouls.wiki.fextralife.com/Armor","Leggings","https://darksouls.wiki.fextralife.com/Leg+Armor","Holy Trousers","https://darksouls.wiki.fextralife.com/Holy+Trousers","33.9","Holy Trousers","2.0"
"1680906938-51","https://darksouls.wiki.fextralife.com/Armor","Leggings","https://darksouls.wiki.fextralife.com/Leg+Armor","Heavy Boots","https://darksouls.wiki.fextralife.com/Heavy+Boots","null","Heavy Boots","400"
"1680906940-52","https://darksouls.wiki.fextralife.com/Armor","Leggings","https://darksouls.wiki.fextralife.com/Leg+Armor","Sorcerer Boots","https://darksouls.wiki.fextralife.com/Sorcerer+Boots","29","Sorcerer Boots","1.4"
"1680906942-53","https://darksouls.wiki.fextralife.com/Armor","Leggings","https://darksouls.wiki.fextralife.com/Leg+Armor","Leather Boots","https://darksouls.wiki.fextralife.com/Leather+Boots","29","Leather Boots","2.8"
"1680906944-54","https://darksouls.wiki.fextralife.com/Armor","Leggings","https://darksouls.wiki.fextralife.com/Leg+Armor","Brigand Trousers","https://darksouls.wiki.fextralife.com/Brigand+Trousers","34","Brigand Trousers","1.8"
"1680906946-55","https://darksouls.wiki.fextralife.com/Armor","Leggings","https://darksouls.wiki.fextralife.com/Leg+Armor","Black Leather Boots","https://darksouls.wiki.fextralife.com/Black+Leather+Boots","31.5","Black Leather Boots","3"
"1680906948-56","https://darksouls.wiki.fextralife.com/Armor","Leggings","https://darksouls.wiki.fextralife.com/Leg+Armor","Wanderer Boots","https://darksouls.wiki.fextralife.com/Wanderer+Boots","34","Wanderer Boots","2.1"
"1680906953-57","https://darksouls.wiki.fextralife.com/Armor","Gauntlets","https://darksouls.wiki.fextralife.com/Gauntlets","Guardian Gauntlets","https://darksouls.wiki.fextralife.com/Guardian+Gauntlets","54","Guardian Gauntlets","10.4"
"1680906955-58","https://darksouls.wiki.fextralife.com/Armor","Gauntlets","https://darksouls.wiki.fextralife.com/Gauntlets","Stone Gauntlets","https://darksouls.wiki.fextralife.com/Stone+Gauntlets","54","Stone Gauntlets","10.4"
"1680906957-59","https://darksouls.wiki.fextralife.com/Armor","Gauntlets","https://darksouls.wiki.fextralife.com/Gauntlets","Golem Gauntlets","https://darksouls.wiki.fextralife.com/Golem+Gauntlets","54","Golem Gauntlets","9.7"
"1680906959-60","https://darksouls.wiki.fextralife.com/Armor","Gauntlets","https://darksouls.wiki.fextralife.com/Gauntlets","Smough's Gauntlets","https://darksouls.wiki.fextralife.com/Smough's+Gauntlets","61","Smough's Gauntlets","10.4"
"1680906961-61","https://darksouls.wiki.fextralife.com/Armor","Gauntlets","https://darksouls.wiki.fextralife.com/Gauntlets","Havel's Gauntlets","https://darksouls.wiki.fextralife.com/Havel's+Gauntlets","54","Havel's Gauntlets","11.5"
"1680906964-62","https://darksouls.wiki.fextralife.com/Armor","Gauntlets","https://darksouls.wiki.fextralife.com/Gauntlets","Giant Gauntlets","https://darksouls.wiki.fextralife.com/Giant+Gauntlets","63.5","Giant Gauntlets","9.7"
"1680906966-63","https://darksouls.wiki.fextralife.com/Armor","Gauntlets","https://darksouls.wiki.fextralife.com/Gauntlets","Black Iron Gauntlets","https://darksouls.wiki.fextralife.com/Black+Iron+Gauntlets","62","Black Iron Gauntlets","9.2"
"1680906968-64","https://darksouls.wiki.fextralife.com/Armor","Gauntlets","https://darksouls.wiki.fextralife.com/Gauntlets","Gough's Gauntlets","https://darksouls.wiki.fextralife.com/Gough's+Gauntlets","41.8","Gough's Gauntlets","7.0"
"1680906970-65","https://darksouls.wiki.fextralife.com/Armor","Gauntlets","https://darksouls.wiki.fextralife.com/Gauntlets","Gauntlets of Artorias","https://darksouls.wiki.fextralife.com/Gauntlets+of+Artorias","31","Gauntlets of Artorias","4.6"
"1680906972-66","https://darksouls.wiki.fextralife.com/Armor","Gauntlets","https://darksouls.wiki.fextralife.com/Gauntlets","Steel Gauntlets","https://darksouls.wiki.fextralife.com/Steel+Gauntlets","60.5","Steel Gauntlets","8.3"
"1680906975-67","https://darksouls.wiki.fextralife.com/Armor","Gauntlets","https://darksouls.wiki.fextralife.com/Gauntlets","Paladin Gauntlets","https://darksouls.wiki.fextralife.com/Paladin+Gauntlets","54.3","Paladin Gauntlets","7.6"
"1680906977-68","https://darksouls.wiki.fextralife.com/Armor","Gauntlets","https://darksouls.wiki.fextralife.com/Gauntlets","Black Knight Gauntlets","https://darksouls.wiki.fextralife.com/Black+Knight+Gauntlets","40.3","Black Knight Gauntlets","6.0"
"1680906979-69","https://darksouls.wiki.fextralife.com/Armor","Gauntlets","https://darksouls.wiki.fextralife.com/Gauntlets","Silver Knight Gauntlets","https://darksouls.wiki.fextralife.com/Silver+Knight+Gauntlets","38.7","Silver Knight Gauntlets","5.5"
"1680906981-70","https://darksouls.wiki.fextralife.com/Armor","Gauntlets","https://darksouls.wiki.fextralife.com/Gauntlets","Catarina Gauntlets","https://darksouls.wiki.fextralife.com/Catarina+Gauntlets","52.7","Catarina Gauntlets","6.9"
"1680906983-71","https://darksouls.wiki.fextralife.com/Armor","Gauntlets","https://darksouls.wiki.fextralife.com/Gauntlets","Gauntlets of Favor","https://darksouls.wiki.fextralife.com/Gauntlets+of+Favor","32.5","Gauntlets of Favor","5.0"
"1680906985-72","https://darksouls.wiki.fextralife.com/Armor","Gauntlets","https://darksouls.wiki.fextralife.com/Gauntlets","Brass Gauntlets","https://darksouls.wiki.fextralife.com/Brass+Gauntlets","29.4","Brass Gauntlets","5.4"
"1680906988-73","https://darksouls.wiki.fextralife.com/Armor","Gauntlets","https://darksouls.wiki.fextralife.com/Gauntlets","Crystalline Gauntlets","https://darksouls.wiki.fextralife.com/Crystalline+Gauntlets","37","Crystalline Gauntlets","6.4"
"1680906990-74","https://darksouls.wiki.fextralife.com/Armor","Gauntlets","https://darksouls.wiki.fextralife.com/Gauntlets","Orntein's Gauntlets","https://darksouls.wiki.fextralife.com/Orntein's+Gauntlets","29","Orntein's Gauntlets","4.0"
"1680906992-75","https://darksouls.wiki.fextralife.com/Armor","Gauntlets","https://darksouls.wiki.fextralife.com/Gauntlets","Elite Knight Gauntlets","https://darksouls.wiki.fextralife.com/Elite+Knight+Gauntlets","43.6","Elite Knight Gauntlets","3.7"
"1680906994-76","https://darksouls.wiki.fextralife.com/Armor","Gauntlets","https://darksouls.wiki.fextralife.com/Gauntlets","Dark Gauntlets","https://darksouls.wiki.fextralife.com/Dark+Gauntlets","41.8","Dark Gauntlets","5.8"
"1680906996-77","https://darksouls.wiki.fextralife.com/Armor","Gauntlets","https://darksouls.wiki.fextralife.com/Gauntlets","Gauntlets of Thorns","https://darksouls.wiki.fextralife.com/Gauntlets+of+Thorns","40.3","Gauntlets of Thorns","6.2"
"1680906998-78","https://darksouls.wiki.fextralife.com/Armor","Gauntlets","https://darksouls.wiki.fextralife.com/Gauntlets","Balder Gauntlets","https://darksouls.wiki.fextralife.com/Balder+Gauntlets","41.1","Balder Gauntlets","3.5"
"1680907001-79","https://darksouls.wiki.fextralife.com/Armor","Gauntlets","https://darksouls.wiki.fextralife.com/Gauntlets","Gauntlets of the Vanquisher","https://darksouls.wiki.fextralife.com/Gauntlets+of+the+Vanquisher","11","Gauntlets of the Vanquisher","3.0"
"1680907003-80","https://darksouls.wiki.fextralife.com/Armor","Gauntlets","https://darksouls.wiki.fextralife.com/Gauntlets","Eastern Gauntlets","https://darksouls.wiki.fextralife.com/Eastern+Gauntlets","9.3","Eastern Gauntlets","1.5"
"1680907005-81","https://darksouls.wiki.fextralife.com/Armor","Gauntlets","https://darksouls.wiki.fextralife.com/Gauntlets","Iron Bracelet","https://darksouls.wiki.fextralife.com/Iron+Bracelet","41.1","Iron Bracelet","4.3"
"1680907007-82","https://darksouls.wiki.fextralife.com/Armor","Gauntlets","https://darksouls.wiki.fextralife.com/Gauntlets","Lord's Blade Gloves","https://darksouls.wiki.fextralife.com/Lord's+Blade+Gloves","23.3","Lord's Blade Gloves","2.8"
"1680907009-83","https://darksouls.wiki.fextralife.com/Armor","Gauntlets","https://darksouls.wiki.fextralife.com/Gauntlets","Chester's Gloves","https://darksouls.wiki.fextralife.com/Chester's+Gloves","15.5","Chester's Gloves","1.5"
"1680907012-84","https://darksouls.wiki.fextralife.com/Armor","Gauntlets","https://darksouls.wiki.fextralife.com/Gauntlets","Bracelet of the Great Lord","https://darksouls.wiki.fextralife.com/Bracelet+of+the+Great+Lord","15","Bracelet of the Great Lord","2.8"
"1680907014-85","https://darksouls.wiki.fextralife.com/Armor","Gauntlets","https://darksouls.wiki.fextralife.com/Gauntlets","Leather Gauntlets","https://darksouls.wiki.fextralife.com/Leather+Gauntlets","29","Leather Gauntlets","3.6"
"1680907016-86","https://darksouls.wiki.fextralife.com/Armor","Gauntlets","https://darksouls.wiki.fextralife.com/Gauntlets","Xanthous Gloves","https://darksouls.wiki.fextralife.com/Xanthous+Gloves","27.9","Xanthous Gloves","2.3"
"1680907018-87","https://darksouls.wiki.fextralife.com/Armor","Gauntlets","https://darksouls.wiki.fextralife.com/Gauntlets","Witch Gloves","https://darksouls.wiki.fextralife.com/Witch+Gloves","21.7","Witch Gloves","1.7"
"1680907020-88","https://darksouls.wiki.fextralife.com/Armor","Gauntlets","https://darksouls.wiki.fextralife.com/Gauntlets","Black Manchette","https://darksouls.wiki.fextralife.com/Black+Manchette","17.1","Black Manchette","1.8"
"1680907022-89","https://darksouls.wiki.fextralife.com/Armor","Gauntlets","https://darksouls.wiki.fextralife.com/Gauntlets","Crimson Gloves","https://darksouls.wiki.fextralife.com/Crimson+Gloves","10.8","Crimson Gloves","0.8"
"1680907025-90","https://darksouls.wiki.fextralife.com/Armor","Gauntlets","https://darksouls.wiki.fextralife.com/Gauntlets","Gold-Hemmed Black Gloves","https://darksouls.wiki.fextralife.com/Gold-Hemmed+Black+Gloves","12","Gold-Hemmed Black Gloves","1.2"
"1680907027-91","https://darksouls.wiki.fextralife.com/Armor","Gauntlets","https://darksouls.wiki.fextralife.com/Gauntlets","Moonlight Gloves","https://darksouls.wiki.fextralife.com/Moonlight+Gloves","3","Moonlight Gloves","0.5"
"1680907029-92","https://darksouls.wiki.fextralife.com/Armor","Gauntlets","https://darksouls.wiki.fextralife.com/Gauntlets","Dingy Gloves","https://darksouls.wiki.fextralife.com/Dingy+Gloves","21.8","Dingy Gloves","1.2"
"1680907031-93","https://darksouls.wiki.fextralife.com/Armor","Gauntlets","https://darksouls.wiki.fextralife.com/Gauntlets","Painting Guardian Gloves","https://darksouls.wiki.fextralife.com/Painting+Guardian+Gloves","9.3","Painting Guardian Gloves","0.9"
"1680907033-94","https://darksouls.wiki.fextralife.com/Armor","Gauntlets","https://darksouls.wiki.fextralife.com/Gauntlets","Antiquated Gloves","https://darksouls.wiki.fextralife.com/Antiquated+Gloves","12.4","Antiquated Gloves","0.6"
"1680907035-95","https://darksouls.wiki.fextralife.com/Armor","Gauntlets","https://darksouls.wiki.fextralife.com/Gauntlets","Maiden Gloves","https://darksouls.wiki.fextralife.com/Maiden+Gloves","26.6","Maiden Gloves","1.2"
"1680907038-96","https://darksouls.wiki.fextralife.com/Armor","Gauntlets","https://darksouls.wiki.fextralife.com/Gauntlets","","https://darksouls.wiki.fextralife.com/Gauntlets+of+the+Channelers","17","Gauntlets of the Channelers","3.0"
"1680907040-97","https://darksouls.wiki.fextralife.com/Armor","Gauntlets","https://darksouls.wiki.fextralife.com/Gauntlets","Black Sorcerer Gauntlets","https://darksouls.wiki.fextralife.com/Black+Sorcerer+Gauntlets","19.4","Black Sorcerer Gauntlets","1.0"
"1680907042-98","https://darksouls.wiki.fextralife.com/Armor","Gauntlets","https://darksouls.wiki.fextralife.com/Gauntlets","Shadow Gauntlets","https://darksouls.wiki.fextralife.com/Shadow+Gauntlets","20.2","Shadow Gauntlets","1.4"
"1680907044-99","https://darksouls.wiki.fextralife.com/Armor","Gauntlets","https://darksouls.wiki.fextralife.com/Gauntlets","Knight Gauntlets","https://darksouls.wiki.fextralife.com/Knight+Gauntlets","41.1","Knight Gauntlets","3.5"
"1680907046-100","https://darksouls.wiki.fextralife.com/Armor","Gauntlets","https://darksouls.wiki.fextralife.com/Gauntlets","Hard Leather Gauntlets","https://darksouls.wiki.fextralife.com/Hard+Leather+Gauntlets","31.5","Hard Leather Gauntlets","3.5"
"1680907049-101","https://darksouls.wiki.fextralife.com/Armor","Gauntlets","https://darksouls.wiki.fextralife.com/Gauntlets","Travelling Gloves","https://darksouls.wiki.fextralife.com/Travelling+Gloves","12.1","Travelling Gloves","0.7"
"1680907051-102","https://darksouls.wiki.fextralife.com/Armor","Gauntlets","https://darksouls.wiki.fextralife.com/Gauntlets","Tattered Cloth Manchette","https://darksouls.wiki.fextralife.com/Tattered+Cloth+Manchette","29","Tattered Cloth Manchette","1.6"
"1680907053-103","https://darksouls.wiki.fextralife.com/Armor","Gauntlets","https://darksouls.wiki.fextralife.com/Gauntlets","Sorcerer Gauntlets","https://darksouls.wiki.fextralife.com/Sorcerer+Gauntlets","29","Sorcerer Gauntlets","1.4"
"1680907055-104","https://darksouls.wiki.fextralife.com/Armor","Gauntlets","https://darksouls.wiki.fextralife.com/Gauntlets","Leather Gloves","https://darksouls.wiki.fextralife.com/Leather+Gloves","29","Leather Gloves","2.8"
"1680907057-105","https://darksouls.wiki.fextralife.com/Armor","Gauntlets","https://darksouls.wiki.fextralife.com/Gauntlets","Brigand Gauntlets","https://darksouls.wiki.fextralife.com/Brigand+Gauntlets","34","Brigand Gauntlets","1.8"
"1680907059-106","https://darksouls.wiki.fextralife.com/Armor","Gauntlets","https://darksouls.wiki.fextralife.com/Gauntlets","Black Leather Gloves","https://darksouls.wiki.fextralife.com/Black+Leather+Gloves","32","Black Leather Gloves","1.8"
"1680907062-107","https://darksouls.wiki.fextralife.com/Armor","Gauntlets","https://darksouls.wiki.fextralife.com/Gauntlets","Wanderer Manchette","https://darksouls.wiki.fextralife.com/Wanderer+Manchette","34","Wanderer Manchette","2.1"
"1680907066-108","https://darksouls.wiki.fextralife.com/Armor","Chests","https://darksouls.wiki.fextralife.com/Chest+Armor","Guardian Armor","https://darksouls.wiki.fextralife.com/Guardian+Armor","86","Guardian Armor","17.0"
"1680907068-109","https://darksouls.wiki.fextralife.com/Armor","Chests","https://darksouls.wiki.fextralife.com/Chest+Armor","Stone Armor","https://darksouls.wiki.fextralife.com/Stone+Armor","91","Stone Armor","17.6"
"1680907070-110","https://darksouls.wiki.fextralife.com/Armor","Chests","https://darksouls.wiki.fextralife.com/Chest+Armor","Golem Armor","https://darksouls.wiki.fextralife.com/Golem+Armor","91","Golem Armor","16.4"
"1680907073-111","https://darksouls.wiki.fextralife.com/Armor","Chests","https://darksouls.wiki.fextralife.com/Chest+Armor","Smough's Armor","https://darksouls.wiki.fextralife.com/Smough's+Armor","106","Smough's Armor","17.6"
"1680907075-112","https://darksouls.wiki.fextralife.com/Armor","Chests","https://darksouls.wiki.fextralife.com/Chest+Armor","Havel's Armor","https://darksouls.wiki.fextralife.com/Havel's+Armor","92","Havel's Armor","19.5"
"1680907077-113","https://darksouls.wiki.fextralife.com/Armor","Chests","https://darksouls.wiki.fextralife.com/Chest+Armor","Giant Armor","https://darksouls.wiki.fextralife.com/Giant+Armor","111.6","Giant Armor","16.4"
"1680907079-114","https://darksouls.wiki.fextralife.com/Armor","Chests","https://darksouls.wiki.fextralife.com/Chest+Armor","Black Iron Armor","https://darksouls.wiki.fextralife.com/Black+Iron+Armor","105.4","Black Iron Armor","15.6"
"1680907081-115","https://darksouls.wiki.fextralife.com/Armor","Chests","https://darksouls.wiki.fextralife.com/Chest+Armor","Gough's Armor","https://darksouls.wiki.fextralife.com/Gough's+Armor","77.5","Gough's Armor","13.0"
"1680907083-116","https://darksouls.wiki.fextralife.com/Armor","Chests","https://darksouls.wiki.fextralife.com/Chest+Armor","Armor of Artorias","https://darksouls.wiki.fextralife.com/Armor+of+Artorias","65.1","Armor of Artorias","10.5"
"1680907086-117","https://darksouls.wiki.fextralife.com/Armor","Chests","https://darksouls.wiki.fextralife.com/Chest+Armor","Steel Armor","https://darksouls.wiki.fextralife.com/Steel+Armor","101.6","Steel Armor +10","14.0"
"1680907088-118","https://darksouls.wiki.fextralife.com/Armor","Chests","https://darksouls.wiki.fextralife.com/Chest+Armor","Paladin Armor","https://darksouls.wiki.fextralife.com/Paladin+Armor","91.5","Paladin Armor","12.9"
"1680907090-119","https://darksouls.wiki.fextralife.com/Armor","Chests","https://darksouls.wiki.fextralife.com/Chest+Armor","Black Knight Armor","https://darksouls.wiki.fextralife.com/Black+Knight+Armor","88.4","Black Knight Armor","13.0"
"1680907092-120","https://darksouls.wiki.fextralife.com/Armor","Chests","https://darksouls.wiki.fextralife.com/Chest+Armor","Silver Knight Armor","https://darksouls.wiki.fextralife.com/Silver+Knight+Armor","80.6","Silver Knight Armor","12.0"
"1680907094-121","https://darksouls.wiki.fextralife.com/Armor","Chests","https://darksouls.wiki.fextralife.com/Chest+Armor","Catarina Armor","https://darksouls.wiki.fextralife.com/Catarina+Armor","88.3","Catarina Armor +5","11.7"
"1680907097-122","https://darksouls.wiki.fextralife.com/Armor","Chests","https://darksouls.wiki.fextralife.com/Chest+Armor","Embraced Armor of Favor","https://darksouls.wiki.fextralife.com/Embraced+Armor+of+Favor","74.4","Embraced Armor of Favor","11.7"
"1680907099-123","https://darksouls.wiki.fextralife.com/Armor","Chests","https://darksouls.wiki.fextralife.com/Chest+Armor","","https://darksouls.wiki.fextralife.com/Cleric+Armor","96.8","Cleric Armor","12.5"
"1680907101-124","https://darksouls.wiki.fextralife.com/Armor","Chests","https://darksouls.wiki.fextralife.com/Chest+Armor","Brass Armor","https://darksouls.wiki.fextralife.com/Brass+Armor","74.4","Brass Armor","10.9"
"1680907103-125","https://darksouls.wiki.fextralife.com/Armor","Chests","https://darksouls.wiki.fextralife.com/Chest+Armor","Crystalline Armor","https://darksouls.wiki.fextralife.com/Crystalline+Armor","59","Crystalline Armor","10.9"
"1680907105-126","https://darksouls.wiki.fextralife.com/Armor","Chests","https://darksouls.wiki.fextralife.com/Chest+Armor","Ornstein's Armor","https://darksouls.wiki.fextralife.com/Ornstein's+Armor","70","Ornstein's Armor","12.0"
"1680907107-127","https://darksouls.wiki.fextralife.com/Armor","Chests","https://darksouls.wiki.fextralife.com/Chest+Armor","Elite Knight Armor","https://darksouls.wiki.fextralife.com/Elite+Knight+Armor","94.4","Elite Knight Armor +10","11.7"
"1680907110-128","https://darksouls.wiki.fextralife.com/Armor","Chests","https://darksouls.wiki.fextralife.com/Chest+Armor","Dark Armor","https://darksouls.wiki.fextralife.com/Dark+Armor","69.7","Dark Armor","9.8"
"1680907112-129","https://darksouls.wiki.fextralife.com/Armor","Chests","https://darksouls.wiki.fextralife.com/Chest+Armor","Armor of Thorns","https://darksouls.wiki.fextralife.com/Armor+of+Thorns","69.8","Armor of Thorns","10.5"
"1680907114-130","https://darksouls.wiki.fextralife.com/Armor","Chests","https://darksouls.wiki.fextralife.com/Chest+Armor","Balder Armor","https://darksouls.wiki.fextralife.com/Balder+Armor","89.5","Balder Armor","10.9"
"1680907116-131","https://darksouls.wiki.fextralife.com/Armor","Chests","https://darksouls.wiki.fextralife.com/Chest+Armor","Armor of the Glorious","https://darksouls.wiki.fextralife.com/Armor+of+the+Glorious","47","Armor of the Glorious","13.3"
"1680907118-132","https://darksouls.wiki.fextralife.com/Armor","Chests","https://darksouls.wiki.fextralife.com/Chest+Armor","Eastern Armor","https://darksouls.wiki.fextralife.com/Eastern+Armor","69.8","Eastern Armor","12.3"
"1680907121-133","https://darksouls.wiki.fextralife.com/Armor","Chests","https://darksouls.wiki.fextralife.com/Chest+Armor","Armor of the Sun","https://darksouls.wiki.fextralife.com/Armor+of+the+Sun","84.7","Armor of the Sun","9.0"
"1680907123-134","https://darksouls.wiki.fextralife.com/Armor","Chests","https://darksouls.wiki.fextralife.com/Chest+Armor","Lord's Blade Robe","https://darksouls.wiki.fextralife.com/Lord's+Blade+Robe","52.7","Lord's Blade Robe","6.4"
"1680907125-135","https://darksouls.wiki.fextralife.com/Armor","Chests","https://darksouls.wiki.fextralife.com/Chest+Armor","","https://darksouls.wiki.fextralife.com/Robe+of+the+Channelers","53","Robe of the Channelers","10.1"
"1680907127-136","https://darksouls.wiki.fextralife.com/Armor","Chests","https://darksouls.wiki.fextralife.com/Chest+Armor","Chester's Long Coat","https://darksouls.wiki.fextralife.com/Chester's+Long+Coat","41.8","Chester's Long Coat","4.5"
"1680907129-137","https://darksouls.wiki.fextralife.com/Armor","Chests","https://darksouls.wiki.fextralife.com/Chest+Armor","Robe of the Great Lord","https://darksouls.wiki.fextralife.com/Robe+of+the+Great+Lord","32","Robe of the Great Lord","6.0"
"1680907131-138","https://darksouls.wiki.fextralife.com/Armor","Chests","https://darksouls.wiki.fextralife.com/Chest+Armor","Chain Armor","https://darksouls.wiki.fextralife.com/Chain+Armor","72.6","Chain Armor","6.0"
"1680907134-139","https://darksouls.wiki.fextralife.com/Armor","Chests","https://darksouls.wiki.fextralife.com/Chest+Armor","Xanthous Overcoat","https://darksouls.wiki.fextralife.com/Xanthous+Overcoat","49.6","Xanthous Overcoat","3.9"
"1680907136-140","https://darksouls.wiki.fextralife.com/Armor","Chests","https://darksouls.wiki.fextralife.com/Chest+Armor","Witch Cloak","https://darksouls.wiki.fextralife.com/Witch+Cloak","51.1","Witch Cloak","4.0"
"1680907138-141","https://darksouls.wiki.fextralife.com/Armor","Chests","https://darksouls.wiki.fextralife.com/Chest+Armor","Black Cleric Robe","https://darksouls.wiki.fextralife.com/Black+Cleric+Robe","35.6","Black Cleric Robe","3.9"
"1680907140-142","https://darksouls.wiki.fextralife.com/Armor","Chests","https://darksouls.wiki.fextralife.com/Chest+Armor","Crimson Robe","https://darksouls.wiki.fextralife.com/Crimson+Robe","49.6","Crimson Robe","3.9"
"1680907142-143","https://darksouls.wiki.fextralife.com/Armor","Chests","https://darksouls.wiki.fextralife.com/Chest+Armor","Gold-Hemmed Black Cloak","https://darksouls.wiki.fextralife.com/Gold-Hemmed+Black+Cloak","31","Gold-Hemmed Black Cloak","3.5"
"1680907145-144","https://darksouls.wiki.fextralife.com/Armor","Chests","https://darksouls.wiki.fextralife.com/Chest+Armor","Sage Robe","https://darksouls.wiki.fextralife.com/Sage+Robe","63.5","Sage Robe","4.0"
"1680907147-145","https://darksouls.wiki.fextralife.com/Armor","Chests","https://darksouls.wiki.fextralife.com/Chest+Armor","Moonlight Robe","https://darksouls.wiki.fextralife.com/Moonlight+Robe","20","Moonlight Robe","?"
"1680907149-146","https://darksouls.wiki.fextralife.com/Armor","Chests","https://darksouls.wiki.fextralife.com/Chest+Armor","Dingy Robe","https://darksouls.wiki.fextralife.com/Dingy+Robe","55.7","Dingy Robe","3.0"
"1680907151-147","https://darksouls.wiki.fextralife.com/Armor","Chests","https://darksouls.wiki.fextralife.com/Chest+Armor","Hollow Soldier Armor","https://darksouls.wiki.fextralife.com/Hollow+Soldier+Armor","62.9","Hollow Soldier Armor","7.8"
"1680907153-148","https://darksouls.wiki.fextralife.com/Armor","Chests","https://darksouls.wiki.fextralife.com/Chest+Armor","Hollow Warrior Armor","https://darksouls.wiki.fextralife.com/Hollow+Warrior+Armor","58.1","Hollow Warrior Armor","6.6"
"1680907155-149","https://darksouls.wiki.fextralife.com/Armor","Chests","https://darksouls.wiki.fextralife.com/Chest+Armor","Painting Guardian Robe","https://darksouls.wiki.fextralife.com/Painting+Guardian+Robe","13.9","Painting Guardian Robe","1.6"
"1680907158-150","https://darksouls.wiki.fextralife.com/Armor","Chests","https://darksouls.wiki.fextralife.com/Chest+Armor","Hollow Thief's Leather Armor","https://darksouls.wiki.fextralife.com/Hollow+Thief's+Leather+Armor","50.8","Hollow Thief's Leather Armor","2.8"
"1680907160-151","https://darksouls.wiki.fextralife.com/Armor","Chests","https://darksouls.wiki.fextralife.com/Chest+Armor","Antiquated Dress","https://darksouls.wiki.fextralife.com/Antiquated+Dress","21.7","Antiquated Dress","1.0"
"1680907162-152","https://darksouls.wiki.fextralife.com/Armor","Chests","https://darksouls.wiki.fextralife.com/Chest+Armor","Maiden Robe","https://darksouls.wiki.fextralife.com/Maiden+Robe","46","Maiden Robe","2.0"
"1680907164-153","https://darksouls.wiki.fextralife.com/Armor","Chests","https://darksouls.wiki.fextralife.com/Chest+Armor","Black Sorcerer Cloak","https://darksouls.wiki.fextralife.com/Black+Sorcerer+Cloak","31.5","Black Sorcerer Cloak","1.8"
"1680907166-154","https://darksouls.wiki.fextralife.com/Armor","Chests","https://darksouls.wiki.fextralife.com/Chest+Armor","Shadow Garb","https://darksouls.wiki.fextralife.com/Shadow+Garb","35.6","Shadow Garb","2.3"
"1680907169-155","https://darksouls.wiki.fextralife.com/Armor","Chests","https://darksouls.wiki.fextralife.com/Chest+Armor","Knight Armor","https://darksouls.wiki.fextralife.com/Knight+Armor","89.5","Knight Armor","10.9"
"1680907171-156","https://darksouls.wiki.fextralife.com/Armor","Chests","https://darksouls.wiki.fextralife.com/Chest+Armor","Hard Leather Armor","https://darksouls.wiki.fextralife.com/Hard+Leather+Armor","68","Hard Leather Armor","5.9"
"1680907173-157","https://darksouls.wiki.fextralife.com/Armor","Chests","https://darksouls.wiki.fextralife.com/Chest+Armor","Holy Robe","https://darksouls.wiki.fextralife.com/Holy+Robe","53.2","Holy Robe","4.0"
"1680907175-158","https://darksouls.wiki.fextralife.com/Armor","Chests","https://darksouls.wiki.fextralife.com/Chest+Armor","Tattered Cloth Robe","https://darksouls.wiki.fextralife.com/Tattered+Cloth+Robe","50.8","Tattered Cloth Robe","2.7"
"1680907177-159","https://darksouls.wiki.fextralife.com/Armor","Chests","https://darksouls.wiki.fextralife.com/Chest+Armor","Sorcerer Cloak","https://darksouls.wiki.fextralife.com/Sorcerer+Cloak","48.4","Sorcerer Cloak","2.3"
"1680907180-160","https://darksouls.wiki.fextralife.com/Armor","Chests","https://darksouls.wiki.fextralife.com/Chest+Armor","Leather Armor","https://darksouls.wiki.fextralife.com/Leather+Armor","58.1","Leather Armor","4.7"
"1680907182-161","https://darksouls.wiki.fextralife.com/Armor","Chests","https://darksouls.wiki.fextralife.com/Chest+Armor","Brigand Armor","https://darksouls.wiki.fextralife.com/Brigand+Armor","56","Brigand Armor","3.1"
"1680907184-162","https://darksouls.wiki.fextralife.com/Armor","Chests","https://darksouls.wiki.fextralife.com/Chest+Armor","Black Leather Armor","https://darksouls.wiki.fextralife.com/Black+Leather+Armor","56","Black Leather Armor","3.1"
"1680907186-163","https://darksouls.wiki.fextralife.com/Armor","Chests","https://darksouls.wiki.fextralife.com/Chest+Armor","Wanderer Coat","https://darksouls.wiki.fextralife.com/Wanderer+Coat","55.7","Wanderer Coat","3.5"
"1680907191-164","https://darksouls.wiki.fextralife.com/Armor","Helms","https://darksouls.wiki.fextralife.com/Helms","Bloated Sorcerer Head","https://darksouls.wiki.fextralife.com/Bloated+Sorcerer+Head","14","Bloated Sorcerer Head","2.2"
"1680907193-165","https://darksouls.wiki.fextralife.com/Armor","Helms","https://darksouls.wiki.fextralife.com/Helms","Bloated Head","https://darksouls.wiki.fextralife.com/Bloated+Head","17","Bloated Head","2.5"
"1680907195-166","https://darksouls.wiki.fextralife.com/Armor","Helms","https://darksouls.wiki.fextralife.com/Helms","Mask of the Child","https://darksouls.wiki.fextralife.com/Mask+of+the+Child","6","Mask of the Child","1.2"
"1680907197-167","https://darksouls.wiki.fextralife.com/Armor","Helms","https://darksouls.wiki.fextralife.com/Helms","Mask of the Mother","https://darksouls.wiki.fextralife.com/Mask+of+the+Mother","6","Mask of the Mother","1.2"
"1680907200-168","https://darksouls.wiki.fextralife.com/Armor","Helms","https://darksouls.wiki.fextralife.com/Helms","Mask of the Father","https://darksouls.wiki.fextralife.com/Mask+of+the+Father","6","Mask of the Father","1.2"
"1680907202-169","https://darksouls.wiki.fextralife.com/Armor","Helms","https://darksouls.wiki.fextralife.com/Helms","Royal Helm","https://darksouls.wiki.fextralife.com/Royal+Helm","33.7","Royal Helm",""
"1680907204-170","https://darksouls.wiki.fextralife.com/Armor","Helms","https://darksouls.wiki.fextralife.com/Helms","Sack","https://darksouls.wiki.fextralife.com/Sack","14.5","Sack","0.6"
"1680907206-171","https://darksouls.wiki.fextralife.com/Armor","Helms","https://darksouls.wiki.fextralife.com/Helms","Symbol of Avarice","https://darksouls.wiki.fextralife.com/Symbol+of+Avarice","21","Symbol of Avarice","10.0"
"1680907208-172","https://darksouls.wiki.fextralife.com/Armor","Helms","https://darksouls.wiki.fextralife.com/Helms","Sunlight Maggot","https://darksouls.wiki.fextralife.com/Sunlight+Maggot","6","Sunlight Maggot","1.4"
"1680907210-173","https://darksouls.wiki.fextralife.com/Armor","Helms","https://darksouls.wiki.fextralife.com/Helms","Gargoyle Helm","https://darksouls.wiki.fextralife.com/Gargoyle+Helm","23.2","Gargoyle Helm","3.5"
"1680907213-174","https://darksouls.wiki.fextralife.com/Armor","Helms","https://darksouls.wiki.fextralife.com/Helms","Fang Boar Helm","https://darksouls.wiki.fextralife.com/Fang+Boar+Helm","40.3","Fang Boar Helm","8.0"
"1680907215-175","https://darksouls.wiki.fextralife.com/Armor","Helms","https://darksouls.wiki.fextralife.com/Helms","Guardian Helm","https://darksouls.wiki.fextralife.com/Guardian+Helm","41","Guardian Helm","7.2"
"1680907217-176","https://darksouls.wiki.fextralife.com/Armor","Helms","https://darksouls.wiki.fextralife.com/Helms","","https://darksouls.wiki.fextralife.com/Stone+Helm","35","Stone Helm","6.8"
"1680907219-177","https://darksouls.wiki.fextralife.com/Armor","Helms","https://darksouls.wiki.fextralife.com/Helms","Golem Helm","https://darksouls.wiki.fextralife.com/Golem+Helm","35","Golem Helm","6.3"
"1680907221-178","https://darksouls.wiki.fextralife.com/Armor","Helms","https://darksouls.wiki.fextralife.com/Helms","Smough's Helm","https://darksouls.wiki.fextralife.com/Smough's+Helm","40","Smough's Helm","6.8"
"1680907224-179","https://darksouls.wiki.fextralife.com/Armor","Helms","https://darksouls.wiki.fextralife.com/Helms","Havel's Helm","https://darksouls.wiki.fextralife.com/Havel's+Helm","36","Havel's Helm","7.5"
"1680907226-180","https://darksouls.wiki.fextralife.com/Armor","Helms","https://darksouls.wiki.fextralife.com/Helms","Giant Helm","https://darksouls.wiki.fextralife.com/Giant+Helm","41.9","Giant Helm","6.3"
"1680907228-181","https://darksouls.wiki.fextralife.com/Armor","Helms","https://darksouls.wiki.fextralife.com/Helms","Black Iron Helm","https://darksouls.wiki.fextralife.com/Black+Iron+Helm","41.9","Black Iron Helm","6.0"
"1680907230-182","https://darksouls.wiki.fextralife.com/Armor","Helms","https://darksouls.wiki.fextralife.com/Helms","Gough's Helm","https://darksouls.wiki.fextralife.com/Gough's+Helm","38.8","Gough's Helm","6.5"
"1680907232-183","https://darksouls.wiki.fextralife.com/Armor","Helms","https://darksouls.wiki.fextralife.com/Helms","Helm of Artorias","https://darksouls.wiki.fextralife.com/Helm+of+Artorias","27.9","Helm of Artorias","4.2"
"1680907235-184","https://darksouls.wiki.fextralife.com/Armor","Helms","https://darksouls.wiki.fextralife.com/Helms","Steel Helm","https://darksouls.wiki.fextralife.com/Steel+Helm","38.7","Steel Helm","5.4"
"1680907237-185","https://darksouls.wiki.fextralife.com/Armor","Helms","https://darksouls.wiki.fextralife.com/Helms","Paladin Helm","https://darksouls.wiki.fextralife.com/Paladin+Helm","34.1","Paladin Helm","5.0"
"1680907239-186","https://darksouls.wiki.fextralife.com/Armor","Helms","https://darksouls.wiki.fextralife.com/Helms","Black Knight Helm","https://darksouls.wiki.fextralife.com/Black+Knight+Helm","32.5","Black Knight Helm","5.0"
"1680907241-187","https://darksouls.wiki.fextralife.com/Armor","Helms","https://darksouls.wiki.fextralife.com/Helms","Silver Knight Helm","https://darksouls.wiki.fextralife.com/Silver+Knight+Helm","32.5","Silver Knight Helm","4.8"
"1680907243-188","https://darksouls.wiki.fextralife.com/Armor","Helms","https://darksouls.wiki.fextralife.com/Helms","Catarina Helm","https://darksouls.wiki.fextralife.com/Catarina+Helm","34.1","Catarina Helm","4.5"
"1680907245-189","https://darksouls.wiki.fextralife.com/Armor","Helms","https://darksouls.wiki.fextralife.com/Helms","Helm of Favor","https://darksouls.wiki.fextralife.com/Helm+of+Favor","?","Helm of Favor","?"
"1680907248-190","https://darksouls.wiki.fextralife.com/Armor","Helms","https://darksouls.wiki.fextralife.com/Helms","Brass Helm","https://darksouls.wiki.fextralife.com/Brass+Helm","27.9","Brass Helm","5.1"
"1680907250-191","https://darksouls.wiki.fextralife.com/Armor","Helms","https://darksouls.wiki.fextralife.com/Helms","Crystalline Helm","https://darksouls.wiki.fextralife.com/Crystalline+Helm","25","Crystalline Helm","4.2"
"1680907252-192","https://darksouls.wiki.fextralife.com/Armor","Helms","https://darksouls.wiki.fextralife.com/Helms","","https://darksouls.wiki.fextralife.com/Ornstein's+Helm","32","Ornstein's Helm","5.5"
"1680907254-193","https://darksouls.wiki.fextralife.com/Armor","Helms","https://darksouls.wiki.fextralife.com/Helms","Elite Knight Helm","https://darksouls.wiki.fextralife.com/Elite+Knight+Helm","36.3","Elite Knight Helm","4.5"
"1680907257-194","https://darksouls.wiki.fextralife.com/Armor","Helms","https://darksouls.wiki.fextralife.com/Helms","Dark Mask","https://darksouls.wiki.fextralife.com/Dark+Mask","27.9","Dark Mask","3.8"
"1680907259-195","https://darksouls.wiki.fextralife.com/Armor","Helms","https://darksouls.wiki.fextralife.com/Helms","Helm of Thorns","https://darksouls.wiki.fextralife.com/Helm+of+Thorns","26.3","Helm of Thorns","4.1"
"1680907261-196","https://darksouls.wiki.fextralife.com/Armor","Helms","https://darksouls.wiki.fextralife.com/Helms","Balder Helm","https://darksouls.wiki.fextralife.com/Balder+Helm","33.9","Balder Helm","4.2"
"1680907263-197","https://darksouls.wiki.fextralife.com/Armor","Helms","https://darksouls.wiki.fextralife.com/Helms","Helm of the Wise","https://darksouls.wiki.fextralife.com/Helm+of+the+Wise","18","Helm of the Wise","5.1"
"1680907265-198","https://darksouls.wiki.fextralife.com/Armor","Helms","https://darksouls.wiki.fextralife.com/Helms","Eastern Helm","https://darksouls.wiki.fextralife.com/Eastern+Helm","26.3","Eastern Helm","4.7"
"1680907267-199","https://darksouls.wiki.fextralife.com/Armor","Helms","https://darksouls.wiki.fextralife.com/Helms","Iron Helm","https://darksouls.wiki.fextralife.com/Iron+Helm","33.9","Iron Helm","4.5"
"1680907270-200","https://darksouls.wiki.fextralife.com/Armor","Helms","https://darksouls.wiki.fextralife.com/Helms","Porcelain Mask","https://darksouls.wiki.fextralife.com/Porcelain+Mask","20.1","Porcelain Mask","2.5"
"1680907272-201","https://darksouls.wiki.fextralife.com/Armor","Helms","https://darksouls.wiki.fextralife.com/Helms","Snickering Top Hat","https://darksouls.wiki.fextralife.com/Snickering+Top+Hat","18.6","Snickering Top Hat","2.0"
"1680907274-202","https://darksouls.wiki.fextralife.com/Armor","Helms","https://darksouls.wiki.fextralife.com/Helms","Crown of the Great Lord","https://darksouls.wiki.fextralife.com/Crown+of+the+Great+Lord","16","Crown of the Great Lord","3.0"
"1680907276-203","https://darksouls.wiki.fextralife.com/Armor","Helms","https://darksouls.wiki.fextralife.com/Helms","Chain Helm","https://darksouls.wiki.fextralife.com/Chain+Helm","29","Chain Helm","3.0"
"1680907279-204","https://darksouls.wiki.fextralife.com/Armor","Helms","https://darksouls.wiki.fextralife.com/Helms","Xanthous Crown","https://darksouls.wiki.fextralife.com/Xanthous+Crown","27.9","Xanthous Crown","5.0"
"1680907281-205","https://darksouls.wiki.fextralife.com/Armor","Helms","https://darksouls.wiki.fextralife.com/Helms","Witch Hat","https://darksouls.wiki.fextralife.com/Witch+Hat","13.9","Witch Hat","1.1"
"1680907283-206","https://darksouls.wiki.fextralife.com/Armor","Helms","https://darksouls.wiki.fextralife.com/Helms","Mask of Velka","https://darksouls.wiki.fextralife.com/Mask+of+Velka","18.6","Mask of Velka","2.5"
"1680907285-207","https://darksouls.wiki.fextralife.com/Armor","Helms","https://darksouls.wiki.fextralife.com/Helms","Mask of the Sealer","https://darksouls.wiki.fextralife.com/Mask+of+the+Sealer","18.6","Mask of the Sealer","1.5"
"1680907287-208","https://darksouls.wiki.fextralife.com/Armor","Helms","https://darksouls.wiki.fextralife.com/Helms","Gold-Hemmed Black Hood","https://darksouls.wiki.fextralife.com/Gold-Hemmed+Black+Hood","11","Gold-Hemmed Black Hood","1.4"
"1680907289-209","https://darksouls.wiki.fextralife.com/Armor","Helms","https://darksouls.wiki.fextralife.com/Helms","Big Hat","https://darksouls.wiki.fextralife.com/Big+Hat","21.7","Big Hat","3.0"
"1680907292-210","https://darksouls.wiki.fextralife.com/Armor","Helms","https://darksouls.wiki.fextralife.com/Helms","Crown of the Dark Sun","https://darksouls.wiki.fextralife.com/Crown+of+the+Dark+Sun","12","Crown of the Dark Sun","3"
"1680907294-211","https://darksouls.wiki.fextralife.com/Armor","Helms","https://darksouls.wiki.fextralife.com/Helms","Dingy Hood","https://darksouls.wiki.fextralife.com/Dingy+Hood","14.5","Dingy Hood","0.8"
"1680907296-212","https://darksouls.wiki.fextralife.com/Armor","Helms","https://darksouls.wiki.fextralife.com/Helms","Hollow Soldier Helm","https://darksouls.wiki.fextralife.com/Hollow+Soldier+Helm","24.2","Hollow Soldier Helm","3.0"
"1680907298-213","https://darksouls.wiki.fextralife.com/Armor","Helms","https://darksouls.wiki.fextralife.com/Helms","Hollow Warrior Helm","https://darksouls.wiki.fextralife.com/Hollow+Warrior+Helm","24.2","Hollow Warrior Helm","2.6"
"1680907300-214","https://darksouls.wiki.fextralife.com/Armor","Helms","https://darksouls.wiki.fextralife.com/Helms","Painting Guardian Hood","https://darksouls.wiki.fextralife.com/Painting+Guardian+Hood","4.6","Painting Guardian Hood","0.6"
"1680907302-215","https://darksouls.wiki.fextralife.com/Armor","Helms","https://darksouls.wiki.fextralife.com/Helms","Hollow Thief's Hood","https://darksouls.wiki.fextralife.com/Hollow+Thief's+Hood","19.4","Hollow Thief's Hood","1.1"
"1680907305-216","https://darksouls.wiki.fextralife.com/Armor","Helms","https://darksouls.wiki.fextralife.com/Helms","Crown of Dusk","https://darksouls.wiki.fextralife.com/Crown+of+Dusk","5","Crown of Dusk","0.4"
"1680907307-217","https://darksouls.wiki.fextralife.com/Armor","Helms","https://darksouls.wiki.fextralife.com/Helms","Maiden Hood","https://darksouls.wiki.fextralife.com/Maiden+Hood","16.9","Maiden Hood","0.8"
"1680907309-218","https://darksouls.wiki.fextralife.com/Armor","Helms","https://darksouls.wiki.fextralife.com/Helms","","https://darksouls.wiki.fextralife.com/Cleric+Helm","36.3","Cleric Helm","4.8"
"1680907311-219","https://darksouls.wiki.fextralife.com/Armor","Helms","https://darksouls.wiki.fextralife.com/Helms","Six-Eyed Helm of the Channelers","https://darksouls.wiki.fextralife.com/Six-Eyed+Helm+of+the+Channelers","20","Six-Eyed Helm of the Channelers","3.9"
"1680907313-220","https://darksouls.wiki.fextralife.com/Armor","Helms","https://darksouls.wiki.fextralife.com/Helms","Black Sorcerer Hat","https://darksouls.wiki.fextralife.com/Black+Sorcerer+Hat","12.1","Black Sorcerer Hat","0.7"
"1680907316-221","https://darksouls.wiki.fextralife.com/Armor","Helms","https://darksouls.wiki.fextralife.com/Helms","Shadow Mask","https://darksouls.wiki.fextralife.com/Shadow+Mask","14","Shadow Mask","0.9"
"1680907318-222","https://darksouls.wiki.fextralife.com/Armor","Helms","https://darksouls.wiki.fextralife.com/Helms","Knight Helm","https://darksouls.wiki.fextralife.com/Knight+Helm","33.9","Knight Helm","4.2"
"1680907320-223","https://darksouls.wiki.fextralife.com/Armor","Helms","https://darksouls.wiki.fextralife.com/Helms","Standard Helm","https://darksouls.wiki.fextralife.com/Standard+Helm","34","Standard Helm","3.5"
"1680907322-224","https://darksouls.wiki.fextralife.com/Armor","Helms","https://darksouls.wiki.fextralife.com/Helms","Priest's Hat","https://darksouls.wiki.fextralife.com/Priest's+Hat","19.4","Priest's Hat","1.2"
"1680907324-225","https://darksouls.wiki.fextralife.com/Armor","Helms","https://darksouls.wiki.fextralife.com/Helms","Tattered Cloth Hood","https://darksouls.wiki.fextralife.com/Tattered+Cloth+Hood","19.4","Tattered Cloth Hood","1.1"
"1680907327-226","https://darksouls.wiki.fextralife.com/Armor","Helms","https://darksouls.wiki.fextralife.com/Helms","Sorcerer Hat","https://darksouls.wiki.fextralife.com/Sorcerer+Hat","19.4","Sorcerer Hat","1.2"
"1680907329-227","https://darksouls.wiki.fextralife.com/Armor","Helms","https://darksouls.wiki.fextralife.com/Helms","Pharis's Hat","https://darksouls.wiki.fextralife.com/Pharis's+Hat","16.9","Pharis's Hat","1.2"
"1680907331-228","https://darksouls.wiki.fextralife.com/Armor","Helms","https://darksouls.wiki.fextralife.com/Helms","Brigand Hood","https://darksouls.wiki.fextralife.com/Brigand+Hood","22","Brigand Hood","1.2"
"1680907333-229","https://darksouls.wiki.fextralife.com/Armor","Helms","https://darksouls.wiki.fextralife.com/Helms","Thief Mask","https://darksouls.wiki.fextralife.com/Thief+Mask","22","Thief Mask","1.2"
"1680907335-230","https://darksouls.wiki.fextralife.com/Armor","Helms","https://darksouls.wiki.fextralife.com/Helms","Wanderer Hood","https://darksouls.wiki.fextralife.com/Wanderer+Hood","21.8","Wanderer Hood","1.4"
